,year,income
0,2020,41288.69409441762
1,2021,42117.15916964039
2,2022,42945.624244862935
3,2019,40460.22901919484
4,2024,44602.554395308485
5,2025,45431.01947053103
6,2027,47087.94962097658
7,2028,47916.414696199354
8,2030,49573.34484664467
9,2029,48744.879771421896
